46137,Ziebach County
48507,Zavala County
48505,Zapata County
4027,Yuma County
8125,Yuma County
2290,Yukon-Koyukuk Census Area
6115,Yuba County
48503,Young County
23031,York County
31185,York County
42133,York County
45091,York County
51199,York County
6113,Yolo County
48501,Yoakum County
30113,Yellowstone National Park
30111,Yellowstone County
27173,Yellow Medicine County
5149,Yell County
28163,Yazoo County
4025,Yavapai County
36123,Yates County
46135,Yankton County
37199,Yancey County
41071,Yamhill County
28161,Yalobusha County
2282,Yakutat Borough
53077,Yakima County
37197,Yadkin County
51197,Wythe County
36121,Wyoming County
42131,Wyoming County
54109,Wyoming County
56000,Wyoming
20209,Wyandotte County
39175,Wyandot County
19197,Wright County
27171,Wright County
29229,Wright County
2280,Wrangell-Petersburg Census Area
13321,Worth County
19195,Worth County
29227,Worth County
24047,Worcester County
25027,Worcester County
40153,Woodward County
20207,Woodson County
40151,Woods County
5147,Woodruff County
17203,Woodford County
21239,Woodford County
19193,Woodbury County
39173,Wood County
48499,Wood County
54107,Wood County
55141,Wood County
21237,Wolfe County
48497,Wise County
51195,Wise County
55000,Wisconsin
54105,Wirt County
1133,Winston County
28159,Winston County
27169,Winona County
19191,Winneshiek County
17201,Winnebago County
19189,Winnebago County
55139,Winnebago County
22127,Winn Parish
48495,Winkler County
50027,Windsor County
9015,Windham County
50025,Windham County
51840,Winchester city
20205,Wilson County
37195,Wilson County
47189,Wilson County
48493,Wilson County
17199,Williamson County
47187,Williamson County
48491,Williamson County
45089,Williamsburg County
51830,Williamsburg city
38105,Williams County
39171,Williams County
48489,Willacy County
17197,Will County
13319,Wilkinson County
28157,Wilkinson County
27167,Wilkin County
13317,Wilkes County
37193,Wilkes County
1131,Wilcox County
13315,Wilcox County
48487,Wilbarger County
24045,Wicomico County
20203,Wichita County
48485,Wichita County
30109,Wibaux County
53075,Whitman County
18183,Whitley County
21235,Whitley County
13313,Whitfield County
17195,Whiteside County
32033,White Pine County
5145,White County
13311,White County
17193,White County
18181,White County
47185,White County
13309,Wheeler County
31183,Wheeler County
41069,Wheeler County
48483,Wheeler County
30107,Wheatland County
53073,Whatcom County
48481,Wharton County
26165,Wexford County
54103,Wetzel County
56045,Weston County
42129,Westmoreland County
51193,Westmoreland County
36119,Westchester County
54000,West Virginia
22125,West Feliciana Parish
22123,West Carroll Parish
22121,West Baton Rouge Parish
18179,Wells County
38103,Wells County
8123,Weld County
22119,Webster Parish
13307,Webster County
19187,Webster County
21233,Webster County
28155,Webster County
29225,Webster County
31181,Webster County
54101,Webster County
49057,Weber County
48479,Webb County
47183,Weakley County
51820,Waynesboro city
13305,Wayne County
17191,Wayne County
18177,Wayne County
19185,Wayne County
21231,Wayne County
26163,Wayne County
28153,Wayne County
29223,Wayne County
31179,Wayne County
36117,Wayne County
37191,Wayne County
39169,Wayne County
42127,Wayne County
47181,Wayne County
49055,Wayne County
54099,Wayne County
55137,Waushara County
55135,Waupaca County
55133,Waukesha County
27165,Watonwan County
37189,Watauga County
26161,Washtenaw County
32031,Washoe County
40149,Washita County
22117,Washington Parish
1129,Washington County
5143,Washington County
8121,Washington County
12133,Washington County
13303,Washington County
16087,Washington County
17189,Washington County
18175,Washington County
19183,Washington County
20201,Washington County
21229,Washington County
23029,Washington County
24043,Washington County
27163,Washington County
28151,Washington County
29221,Washington County
31177,Washington County
36115,Washington County
37187,Washington County
39167,Washington County
40147,Washington County
41067,Washington County
42125,Washington County
44009,Washington County
47179,Washington County
48477,Washington County
49053,Washington County
50023,Washington County
51191,Washington County
55131,Washington County
53000,Washington
55129,Washburn County
56043,Washakie County
27161,Waseca County
41065,Wasco County
49051,Wasatch County
18173,Warrick County
13301,Warren County
17187,Warren County
18171,Warren County
19181,Warren County
21227,Warren County
28149,Warren County
29219,Warren County
34041,Warren County
36113,Warren County
37185,Warren County
39165,Warren County
42123,Warren County
47177,Warren County
51187,Warren County
13299,Ware County
38101,Ward County
48475,Ward County
19179,Wapello County
46129,Walworth County
55127,Walworth County
12131,Walton County
13297,Walton County
28147,Walthall County
38099,Walsh County
41063,Wallowa County
48473,Waller County
20199,Wallace County
53071,Walla Walla County
1127,Walker County
13295,Walker County
48471,Walker County
23027,Waldo County
12129,Wakulla County
37183,Wake County
53069,Wahkiakum County
40145,Wagoner County
27159,Wadena County
2270,Wade Hampton Census Area
20197,Wabaunsee County
27157,Wabasha County
17185,Wabash County
18169,Wabash County
12127,Volusia County
51810,Virginia Beach city
51000,Virginia
39163,Vinton County
55125,Vilas County
18167,Vigo County
48469,Victoria County
22115,Vernon Parish
29217,Vernon County
55123,Vernon County
50000,Vermont
18165,Vermillion County
22113,Vermilion Parish
17183,Vermilion County
6111,Ventura County
42121,Venango County
18163,Vanderburgh County
37181,Vance County
48467,Van Zandt County
39161,Van Wert County
5141,Van Buren County
19177,Van Buren County
26159,Van Buren County
47175,Van Buren County
16085,Valley County
30105,Valley County
31175,Valley County
35061,Valencia County
2261,Valdez-Cordova Census Area
48465,Val Verde County
48463,Uvalde County
49049,Utah County
49000,Utah
48461,Upton County
13293,Upson County
48459,Upshur County
54097,Upshur County
22111,Union Parish
5139,Union County
12125,Union County
13291,Union County
17181,Union County
18161,Union County
19175,Union County
21225,Union County
28145,Union County
34039,Union County
35059,Union County
37179,Union County
39159,Union County
41061,Union County
42119,Union County
45087,Union County
46127,Union County
47173,Union County
47171,Unicoi County
41059,Umatilla County
36111,Ulster County
49047,Uintah County
56041,Uinta County
37177,Tyrrell County
48457,Tyler County
54095,Tyler County
16083,Twin Falls County
13289,Twiggs County
26157,Tuscola County
39157,Tuscarawas County
1125,Tuscaloosa County
13287,Turner County
46125,Turner County
6109,Tuolumne County
28143,Tunica County
40143,Tulsa County
6107,Tulare County
54093,Tucker County
39155,Trumbull County
47169,Trousdale County
13285,Troup County
46123,Tripp County
6105,Trinity County
48455,Trinity County
21223,Trimble County
21221,Trigg County
13283,Treutlen County
55121,Trempealeau County
20195,Trego County
30103,Treasure County
48453,Travis County
27155,Traverse County
37175,Transylvania County
38097,Traill County
13281,Towns County
38095,Towner County
35057,Torrance County
13279,Toombs County
30101,Toole County
49045,Tooele County
36109,Tompkins County
48451,Tom Green County
9013,Tolland County
21219,Todd County
27153,Todd County
46121,Todd County
48449,Titus County
28141,Tishomingo County
18159,Tipton County
47167,Tipton County
18157,Tippecanoe County
28139,Tippah County
36107,Tioga County
42117,Tioga County
40141,Tillman County
41057,Tillamook County
13277,Tift County
31173,Thurston County
53067,Thurston County
48447,Throckmorton County
13275,Thomas County
20193,Thomas County
31171,Thomas County
31169,Thayer County
29215,Texas County
40139,Texas County
48000,Texas
16081,Teton County
30099,Teton County
56039,Teton County
48445,Terry County
13273,Terrell County
48443,Terrell County
22109,Terrebonne Parish
22107,Tensas Parish
47000,Tennessee
8119,Teller County
13271,Telfair County
6103,Tehama County
17179,Tazewell County
51185,Tazewell County
12123,Taylor County
13269,Taylor County
19173,Taylor County
21217,Taylor County
48441,Taylor County
54091,Taylor County
55119,Taylor County
13267,Tattnall County
28137,Tate County
48439,Tarrant County
35055,Taos County
22105,Tangipahoa Parish
29213,Taney County
19171,Tama County
1123,Tallapoosa County
28135,Tallahatchie County
1121,Talladega County
13265,Taliaferro County
13263,Talbot County
24041,Talbot County
18155,Switzerland County
48437,Swisher County
27151,Swift County
56037,Sweetwater County
30097,Sweet Grass County
37173,Swain County
12121,Suwannee County
48435,Sutton County
6101,Sutter County
10005,Sussex County
34037,Sussex County
51183,Sussex County
42115,Susquehanna County
37171,Surry County
51181,Surry County
28133,Sunflower County
1119,Sumter County
12119,Sumter County
13261,Sumter County
45085,Sumter County
20191,Sumner County
47165,Sumner County
8117,Summit County
39153,Summit County
49043,Summit County
54089,Summers County
46119,Sully County
18153,Sullivan County
29211,Sullivan County
33019,Sullivan County
36105,Sullivan County
42113,Sullivan County
47163,Sullivan County
25025,Suffolk County
36103,Suffolk County
51800,Suffolk city
56035,Sublette County
38093,Stutsman County
33017,Strafford County
19169,Story County
32029,Storey County
48433,Stonewall County
5137,Stone County
28131,Stone County
29209,Stone County
37169,Stokes County
29207,Stoddard County
30095,Stillwater County
13259,Stewart County
47161,Stewart County
20189,Stevens County
27149,Stevens County
53065,Stevens County
18151,Steuben County
36101,Steuben County
48431,Sterling County
17177,Stephenson County
13257,Stephens County
40137,Stephens County
48429,Stephens County
27147,Steele County
38091,Steele County
27145,Stearns County
29186,Ste. Genevieve County
51790,Staunton city
48427,Starr County
18149,Starke County
17175,Stark County
38089,Stark County
39151,Stark County
20187,Stanton County
31167,Stanton County
37167,Stanly County
46117,Stanley County
6099,Stanislaus County
20185,Stafford County
51179,Stafford County
22103,St. Tammany Parish
22101,St. Mary Parish
24037,St. Mary
22099,St. Martin Parish
12111,St. Lucie County
27137,St. Louis County
29189,St. Louis County
29510,St. Louis city
36089,St. Lawrence County
22097,St. Landry Parish
18141,St. Joseph County
26149,St. Joseph County
12109,St. Johns County
22095,St. John the Baptist Parish
22093,St. James Parish
22091,St. Helena Parish
29187,St. Francois County
5123,St. Francis County
55109,St. Croix County
1115,St. Clair County
17163,St. Clair County
26147,St. Clair County
29185,St. Clair County
22089,St. Charles Parish
29183,St. Charles County
22087,St. Bernard Parish
51177,Spotsylvania County
53063,Spokane County
46115,Spink County
18147,Spencer County
21215,Spencer County
45083,Spartanburg County
13255,Spalding County
2240,Southeast Fairbanks Census Area
51175,Southampton County
46000,South Dakota
45000,South Carolina
51780,"South Boston city                (After 1990, part of Halifax County)"
6097,Sonoma County
48425,Somervell County
23025,Somerset County
24039,Somerset County
34035,Somerset County
42111,Somerset County
6095,Solano County
35053,Socorro County
42109,Snyder County
53061,Snohomish County
51173,Smyth County
20183,Smith County
28129,Smith County
47159,Smith County
48423,Smith County
38087,Slope County
53059,Skamania County
2231,Skagway-Yakutat-Angoon Census Area         (1990 Census Area)
2232,Skagway-Hoonah-Angoon Census Area          (created after 1990)
53057,Skagit County
2220,Sitka Borough
6093,Siskiyou County
19167,Sioux County
31165,Sioux County
38085,Sioux County
21213,Simpson County
28127,Simpson County
30093,Silver Bow County
6091,Sierra County
35051,Sierra County
27143,Sibley County
16079,Shoshone County
26155,Shiawassee County
20181,Sherman County
31163,Sherman County
41055,Sherman County
48421,Sherman County
20179,Sheridan County
30091,Sheridan County
31161,Sheridan County
38083,Sheridan County
56033,Sheridan County
27141,Sherburne County
51171,Shenandoah County
1117,Shelby County
17173,Shelby County
18145,Shelby County
19165,Shelby County
21211,Shelby County
29205,Shelby County
39149,Shelby County
47157,Shelby County
48419,Shelby County
55117,Sheboygan County
20177,Shawnee County
55115,Shawano County
6089,Shasta County
5135,Sharp County
28125,Sharkey County
29203,Shannon County
46113,Shannon County
48417,Shackelford County
20175,Seward County
31159,Seward County
5133,Sevier County
47155,Sevier County
49041,Sevier County
40135,Sequoyah County
47153,Sequatchie County
36099,Seneca County
39147,Seneca County
12117,Seminole County
13253,Seminole County
40133,Seminole County
8115,Sedgwick County
20173,Sedgwick County
5131,Sebastian County
5129,Searcy County
48415,Scurry County
13251,Screven County
31157,Scotts Bluff County
5127,Scott County
17171,Scott County
18143,Scott County
19163,Scott County
20171,Scott County
21209,Scott County
27139,Scott County
28123,Scott County
29201,Scott County
47151,Scott County
51169,Scott County
29199,Scotland County
37165,Scotland County
39145,Scioto County
42107,Schuylkill County
17169,Schuyler County
29197,Schuyler County
36097,Schuyler County
26153,Schoolcraft County
36095,Schoharie County
13249,Schley County
48413,Schleicher County
36093,Schenectady County
55113,Sawyer County
31155,Saunders County
55111,Sauk County
31153,Sarpy County
38081,Sargent County
36091,Saratoga County
12115,Sarasota County
12113,Santa Rosa County
35049,Santa Fe County
4023,Santa Cruz County
6087,Santa Cruz County
6085,Santa Clara County
6083,Santa Barbara County
49039,Sanpete County
26151,Sanilac County
17167,Sangamon County
39143,Sandusky County
35043,Sandoval County
30089,Sanders County
46111,Sanborn County
48411,San Saba County
48409,San Patricio County
8113,San Miguel County
35047,San Miguel County
6081,San Mateo County
6079,San Luis Obispo County
8111,San Juan County
35045,San Juan County
49037,San Juan County
53055,San Juan County
6077,San Joaquin County
48407,San Jacinto County
6075,San Francisco County
6073,San Diego County
6071,San Bernardino County
6069,San Benito County
48405,San Augustine County
37163,Sampson County
45081,Saluda County
49035,Salt Lake County
5125,Saline County
17165,Saline County
20169,Saline County
29195,Saline County
31151,Saline County
34033,Salem County
51775,Salem city
8109,Saguache County
26145,Saginaw County
23023,Sagadahoc County
6067,Sacramento County
19161,Sac County
22085,Sabine Parish
48403,Sabine County
50021,Rutland County
37161,Rutherford County
47149,Rutherford County
1113,Russell County
20167,Russell County
21207,Russell County
51167,Russell County
48401,Rusk County
55107,Rusk County
18139,Rush County
20165,Rush County
48399,Runnels County
21205,Rowan County
37159,Rowan County
8107,Routt County
39141,Ross County
30087,Rosebud County
27135,Roseau County
26143,Roscommon County
30085,Roosevelt County
35041,Roosevelt County
20163,Rooks County
38079,Rolette County
40131,Rogers County
40129,Roger Mills County
48397,Rockwall County
36087,Rockland County
33015,Rockingham County
37157,Rockingham County
51165,Rockingham County
13247,Rockdale County
21203,Rockcastle County
51163,Rockbridge County
17161,Rock Island County
27133,Rock County
31149,Rock County
55105,Rock County
37155,Robeson County
21201,Robertson County
47147,Robertson County
48395,Robertson County
46109,Roberts County
48393,Roberts County
51161,Roanoke County
51770,Roanoke city
47145,Roane County
54087,Roane County
6065,Riverside County
54085,Ritchie County
18137,Ripley County
29181,Ripley County
8105,Rio Grande County
8103,Rio Blanco County
35039,Rio Arriba County
19159,Ringgold County
20161,Riley County
13245,Richmond County
36085,Richmond County
37153,Richmond County
51159,Richmond County
51760,Richmond city
22083,Richland Parish
17159,Richland County
30083,Richland County
38077,Richland County
39139,Richland County
45079,Richland County
55103,Richland County
31147,Richardson County
49033,Rich County
20159,Rice County
27131,Rice County
44000,Rhode Island
47143,Rhea County
29179,Reynolds County
20157,Republic County
27129,Renville County
38075,Renville County
36083,Rensselaer County
20155,Reno County
48391,Refugio County
48389,Reeves County
27127,Redwood County
31145,Red Willow County
22081,Red River Parish
48387,Red River County
27125,Red Lake County
48385,Real County
48383,Reagan County
29177,Ray County
20153,Rawlins County
30081,Ravalli County
51157,Rappahannock County
22079,Rapides Parish
38073,Ransom County
28121,Rankin County
1111,Randolph County
5121,Randolph County
13243,Randolph County
17157,Randolph County
18135,Randolph County
29175,Randolph County
37151,Randolph County
54083,Randolph County
48381,Randall County
27123,Ramsey County
38071,Ramsey County
29173,Ralls County
54081,Raleigh County
48379,Rains County
51750,Radford city
55101,Racine County
13241,Rabun County
13239,Quitman County
28119,Quitman County
36081,Queens County
24035,Queen Anne
35037,Quay County
12107,Putnam County
13237,Putnam County
17155,Putnam County
18133,Putnam County
29171,Putnam County
36079,Putnam County
39137,Putnam County
47141,Putnam County
54079,Putnam County
40127,Pushmataha County
5119,Pulaski County
13235,Pulaski County
17153,Pulaski County
18131,Pulaski County
21199,Pulaski County
29169,Pulaski County
51155,Pulaski County
8101,Pueblo County
8099,Prowers County
44007,Providence County
51153,Prince William County
2201,Prince of Wales-Outer Ketchikan Census Area
51149,Prince George County
24033,Prince George
51147,Prince Edward County
55099,Price County
54077,Preston County
26141,Presque Isle County
48377,Presidio County
28117,Prentiss County
39135,Preble County
20151,Pratt County
5117,Prairie County
30079,Prairie County
51145,Powhatan County
19157,Poweshiek County
16077,Power County
21197,Powell County
30077,Powell County
30075,Powder River County
42105,Potter County
46107,Potter County
48375,Potter County
19155,Pottawattamie County
20149,Pottawatomie County
40125,Pottawatomie County
18129,Posey County
51740,Portsmouth city
18127,Porter County
39133,Portage County
55097,Portage County
51735,Poquoson city
5115,Pope County
17151,Pope County
27121,Pope County
28115,Pontotoc County
40123,Pontotoc County
30073,Pondera County
5113,Polk County
12105,Polk County
13233,Polk County
19153,Polk County
27119,Polk County
29167,Polk County
31143,Polk County
37149,Polk County
41053,Polk County
47139,Polk County
48373,Polk County
55095,Polk County
22077,Pointe Coupee Parish
5111,Poinsett County
19151,Pocahontas County
54075,Pocahontas County
19149,Plymouth County
25023,Plymouth County
6063,Plumas County
54073,Pleasants County
29165,Platte County
31141,Platte County
56031,Platte County
22075,Plaquemines Parish
6061,Placer County
49031,Piute County
51143,Pittsylvania County
40121,Pittsburg County
37147,Pitt County
8097,Pitkin County
23021,Piscataquis County
27117,Pipestone County
12103,Pinellas County
27115,Pine County
4021,Pinal County
4019,Pima County
1109,Pike County
5109,Pike County
13231,Pike County
17149,Pike County
18125,Pike County
21195,Pike County
28113,Pike County
29163,Pike County
39131,Pike County
42103,Pike County
13229,Pierce County
31139,Pierce County
38069,Pierce County
53053,Pierce County
55093,Pierce County
47137,Pickett County
1107,Pickens County
13227,Pickens County
45077,Pickens County
39129,Pickaway County
17147,Piatt County
5107,Phillips County
8095,Phillips County
20147,Phillips County
30071,Phillips County
42101,Philadelphia County
29161,Phelps County
31137,Phelps County
29159,Pettis County
30069,Petroleum County
51730,Petersburg city
37145,Person County
32027,Pershing County
1105,Perry County
5105,Perry County
17145,Perry County
18123,Perry County
21193,Perry County
28111,Perry County
29157,Perry County
39127,Perry County
42099,Perry County
47135,Perry County
37143,Perquimans County
31135,Perkins County
46105,Perkins County
55091,Pepin County
17143,Peoria County
23019,Penobscot County
42000,Pennsylvania
27113,Pennington County
46103,Pennington County
21191,Pendleton County
54071,Pendleton County
37141,Pender County
53051,Pend Oreille County
29155,Pemiscot County
38067,Pembina County
48371,Pecos County
28109,Pearl River County
13225,Peach County
40119,Payne County
16075,Payette County
20145,Pawnee County
31133,Pawnee County
40117,Pawnee County
13223,Paulding County
39125,Paulding County
51141,Patrick County
34031,Passaic County
37139,Pasquotank County
12101,Pasco County
48369,Parmer County
48367,Parker County
18121,Parke County
8093,Park County
30067,Park County
56029,Park County
28107,Panola County
48365,Panola County
37137,Pamlico County
48363,Palo Pinto County
19147,Palo Alto County
12099,Palm Beach County
19145,Page County
51139,Page County
53049,Pacific County
55089,Ozaukee County
29153,Ozark County
23017,Oxford County
16073,Owyhee County
21189,Owsley County
18119,Owen County
21187,Owen County
47133,Overton County
55087,Outagamie County
8091,Ouray County
22073,Ouachita Parish
5103,Ouachita County
27111,Otter Tail County
20143,Ottawa County
26139,Ottawa County
39123,Ottawa County
40115,Ottawa County
26137,Otsego County
36077,Otsego County
31131,Otoe County
8089,Otero County
35035,Otero County
36075,Oswego County
26135,Oscoda County
12097,Osceola County
19143,Osceola County
26133,Osceola County
20141,Osborne County
20139,Osage County
29151,Osage County
40113,Osage County
22071,Orleans Parish
36073,Orleans County
50019,Orleans County
29149,Oregon County
41000,Oregon
45075,Orangeburg County
6059,Orange County
12095,Orange County
18117,Orange County
36071,Orange County
37135,Orange County
48361,Orange County
50017,Orange County
51137,Orange County
26131,Ontonagon County
36069,Ontario County
37133,Onslow County
36067,Onondaga County
16071,Oneida County
36065,Oneida County
55085,Oneida County
27109,Olmsted County
38065,Oliver County
21185,Oldham County
48359,Oldham County
28105,Oktibbeha County
40111,Okmulgee County
40109,Oklahoma County
40000,Oklahoma
40107,Okfuskee County
12093,Okeechobee County
53047,Okanogan County
12091,Okaloosa County
18115,Ohio County
21183,Ohio County
54069,Ohio County
39000,Ohio
13221,Oglethorpe County
17141,Ogle County
26129,Ogemaw County
55083,Oconto County
13219,Oconee County
45073,Oconee County
48357,Ochiltree County
26127,Oceana County
34029,Ocean County
47131,Obion County
26125,Oakland County
19141,O
32023,Nye County
48355,Nueces County
31129,Nuckolls County
28103,Noxubee County
40105,Nowata County
51135,Nottoway County
20137,Norton County
51720,Norton city
2188,Northwest Arctic Borough
42097,Northumberland County
51133,Northumberland County
37131,Northampton County
42095,Northampton County
51131,Northampton County
2185,North Slope Borough
38000,North Dakota
37000,North Carolina
27107,Norman County
25021,Norfolk County
51710,Norfolk city
2180,Nome Census Area
48353,Nolan County
29147,Nodaway County
27105,Nobles County
18113,Noble County
39121,Noble County
40103,Noble County
56027,Niobrara County
27103,Nicollet County
21181,Nicholas County
54067,Nicholas County
36063,Niagara County
16069,Nez Perce County
5101,Newton County
13217,Newton County
18111,Newton County
28101,Newton County
29145,Newton County
48351,Newton County
51700,Newport News city
44005,Newport County
45071,Newberry County
26123,Newaygo County
36061,New York County
36000,New York
35000,New Mexico
29143,New Madrid County
9011,New London County
51127,New Kent County
34000,New Jersey
9009,New Haven County
37129,New Hanover County
33000,New Hampshire
10003,New Castle County
5099,Nevada County
6057,Nevada County
32000,Nevada
20135,Ness County
28099,Neshoba County
20133,Neosho County
20131,Nemaha County
31127,Nemaha County
21179,Nelson County
38063,Nelson County
51125,Nelson County
31000,Nebraska
48349,Navarro County
4017,Navajo County
56025,Natrona County
22069,Natchitoches Parish
12089,Nassau County
36059,Nassau County
37127,Nash County
6055,Napa County
25019,Nantucket County
31125,Nance County
48347,Nacogdoches County
30065,Musselshell County
40101,Muskogee County
39119,Muskingum County
26121,Muskegon County
13215,Muscogee County
19139,Muscatine County
13213,Murray County
27101,Murray County
40099,Murray County
41051,Multnomah County
21177,Muhlenberg County
27099,Mower County
38061,Mountrail County
17139,Moultrie County
48345,Motley County
20129,Morton County
38059,Morton County
39117,Morrow County
41049,Morrow County
27097,Morrison County
20127,Morris County
34027,Morris County
48343,Morris County
31123,Morrill County
1103,Morgan County
8087,Morgan County
13211,Morgan County
17137,Morgan County
18109,Morgan County
21175,Morgan County
29141,Morgan County
39115,Morgan County
47129,Morgan County
49029,Morgan County
54065,Morgan County
22067,Morehouse Parish
35033,Mora County
37125,Moore County
47127,Moore County
48341,Moore County
46101,Moody County
8085,Montrose County
42093,Montour County
26119,Montmorency County
1101,Montgomery County
5097,Montgomery County
13209,Montgomery County
17135,Montgomery County
18107,Montgomery County
19137,Montgomery County
20125,Montgomery County
21173,Montgomery County
24031,Montgomery County
28097,Montgomery County
29139,Montgomery County
36057,Montgomery County
37123,Montgomery County
39113,Montgomery County
42091,Montgomery County
47125,Montgomery County
48339,Montgomery County
51121,Montgomery County
8083,Montezuma County
6053,Monterey County
26117,Montcalm County
30000,Montana
48337,Montague County
1099,Monroe County
5095,Monroe County
12087,Monroe County
13207,Monroe County
17133,Monroe County
18105,Monroe County
19135,Monroe County
21171,Monroe County
26115,Monroe County
28095,Monroe County
29137,Monroe County
36055,Monroe County
39111,Monroe County
42089,Monroe County
47123,Monroe County
54063,Monroe County
55081,Monroe County
54061,Monongalia County
19133,Monona County
6051,Mono County
34025,Monmouth County
29135,Moniteau County
4015,Mohave County
8081,Moffat County
6049,Modoc County
1097,Mobile County
13205,Mitchell County
19131,Mitchell County
20123,Mitchell County
37121,Mitchell County
48335,Mitchell County
29000,Missouri
30063,Missoula County
5093,Mississippi County
29133,Mississippi County
28000,Mississippi
26113,Missaukee County
27000,Minnesota
46099,Minnehaha County
16067,Minidoka County
54059,Mingo County
8079,Mineral County
30061,Mineral County
32021,Mineral County
54057,Mineral County
46097,Miner County
55079,Milwaukee County
19129,Mills County
48333,Mills County
5091,Miller County
13201,Miller County
29131,Miller County
27095,Mille Lacs County
49027,Millard County
48331,Milam County
42087,Mifflin County
26111,Midland County
48329,Midland County
9007,Middlesex County
25017,Middlesex County
34023,Middlesex County
51119,Middlesex County
26000,Michigan
18103,Miami County
20121,Miami County
39109,Miami County
21169,Metcalfe County
8077,Mesa County
33013,Merrimack County
31121,Merrick County
13199,Meriwether County
17131,Mercer County
21167,Mercer County
29129,Mercer County
34021,Mercer County
38057,Mercer County
39107,Mercer County
42085,Mercer County
54055,Mercer County
6047,Merced County
26109,Menominee County
55078,Menominee County
21165,Menifee County
6045,Mendocino County
17129,Menard County
48327,Menard County
46095,Mellette County
39105,Meigs County
47121,Meigs County
27093,Meeker County
39103,Medina County
48325,Medina County
26107,Mecosta County
37119,Mecklenburg County
51117,Mecklenburg County
30059,Meagher County
20119,Meade County
21163,Meade County
46093,Meade County
20113,McPherson County
31117,McPherson County
46089,McPherson County
47109,McNairy County
48311,McMullen County
47107,McMinn County
27085,McLeod County
48309,McLennan County
17113,McLean County
21149,McLean County
38055,McLean County
35031,McKinley County
38053,McKenzie County
13191,McIntosh County
38051,McIntosh County
40091,McIntosh County
17111,McHenry County
38049,McHenry County
13189,McDuffie County
37111,McDowell County
54047,McDowell County
17109,McDonough County
29119,McDonald County
40089,McCurtain County
48307,McCulloch County
21147,McCreary County
21145,McCracken County
45065,McCormick County
46087,McCook County
30055,McCone County
40087,McClain County
42083,Mc Kean County
40097,Mayes County
48323,Maverick County
47119,Maury County
15009,Maui County
51115,Mathews County
2170,Matanuska-Susitna Borough
48321,Matagorda County
25000,Massachusetts
17127,Massac County
17125,Mason County
21161,Mason County
26105,Mason County
48319,Mason County
53045,Mason County
54053,Mason County
24000,Maryland
51690,Martinsville city
12085,Martin County
18101,Martin County
21159,Martin County
27091,Martin County
37117,Martin County
48317,Martin County
1095,Marshall County
17123,Marshall County
18099,Marshall County
19127,Marshall County
20117,Marshall County
21157,Marshall County
27089,Marshall County
28093,Marshall County
40095,Marshall County
46091,Marshall County
47117,Marshall County
54051,Marshall County
26103,Marquette County
55077,Marquette County
45069,Marlboro County
6043,Mariposa County
1093,Marion County
5089,Marion County
12083,Marion County
13197,Marion County
17121,Marion County
18097,Marion County
19125,Marion County
20115,Marion County
21155,Marion County
28091,Marion County
29127,Marion County
39101,Marion County
41047,Marion County
45067,Marion County
47115,Marion County
48315,Marion County
54049,Marion County
55075,Marinette County
6041,Marin County
29125,Maries County
4013,Maricopa County
1091,Marengo County
55073,Marathon County
55071,Manitowoc County
26101,Manistee County
12081,Manatee County
51685,Manassas Park city
51683,Manassas city
41045,Malheur County
40093,Major County
23000,Maine
39099,Mahoning County
27087,Mahnomen County
19123,Mahaska County
21153,Magoffin County
22065,Madison Parish
1089,Madison County
5087,Madison County
12079,Madison County
13195,Madison County
16065,Madison County
17119,Madison County
18095,Madison County
19121,Madison County
21151,Madison County
28089,Madison County
29123,Madison County
30057,Madison County
31119,Madison County
36053,Madison County
37115,Madison County
39097,Madison County
47113,Madison County
48313,Madison County
51113,Madison County
6039,Madera County
17117,Macoupin County
1087,Macon County
13193,Macon County
17115,Macon County
29121,Macon County
37113,Macon County
47111,Macon County
26099,Macomb County
26097,Mackinac County
19119,Lyon County
20111,Lyon County
21143,Lyon County
27083,Lyon County
32019,Lyon County
48305,Lynn County
51680,Lynchburg city
46085,Lyman County
42081,Lycoming County
42079,Luzerne County
51111,Lunenburg County
35029,Luna County
13187,Lumpkin County
26095,Luce County
19117,Lucas County
39095,Lucas County
48303,Lubbock County
1085,Lowndes County
13185,Lowndes County
28087,Lowndes County
48301,Loving County
40085,Love County
31115,Loup County
22000,Louisiana
19115,Louisa County
51109,Louisa County
51107,Loudoun County
47105,Loudon County
6037,Los Angeles County
35028,Los Alamos County
39093,Lorain County
5085,Lonoke County
13183,Long County
5083,Logan County
8075,Logan County
17107,Logan County
20109,Logan County
21141,Logan County
31113,Logan County
38047,Logan County
39091,Logan County
40083,Logan County
54045,Logan County
48299,Llano County
22063,Livingston Parish
17105,Livingston County
21139,Livingston County
26093,Livingston County
29117,Livingston County
36051,Livingston County
48297,Live Oak County
5081,Little River County
9005,Litchfield County
48295,Lipscomb County
19113,Linn County
20107,Linn County
29115,Linn County
41043,Linn County
22061,Lincoln Parish
5079,Lincoln County
8073,Lincoln County
13181,Lincoln County
16063,Lincoln County
20105,Lincoln County
21137,Lincoln County
23015,Lincoln County
27081,Lincoln County
28085,Lincoln County
29113,Lincoln County
30053,Lincoln County
31111,Lincoln County
32017,Lincoln County
35027,Lincoln County
37109,Lincoln County
40081,Lincoln County
41041,Lincoln County
46083,Lincoln County
47103,Lincoln County
53043,Lincoln County
54043,Lincoln County
55069,Lincoln County
56023,Lincoln County
1083,Limestone County
48293,Limestone County
39089,Licking County
12077,Liberty County
13179,Liberty County
30051,Liberty County
48291,Liberty County
45063,Lexington County
51678,Lexington city
16061,Lewis County
21135,Lewis County
29111,Lewis County
36049,Lewis County
47101,Lewis County
53041,Lewis County
54041,Lewis County
30049,Lewis and Clark County
12075,Levy County
21133,Letcher County
21131,Leslie County
12073,Leon County
48289,Leon County
37107,Lenoir County
26091,Lenawee County
16059,Lemhi County
42077,Lehigh County
28083,Leflore County
26089,Leelanau County
1081,Lee County
5077,Lee County
12071,Lee County
13177,Lee County
17103,Lee County
19111,Lee County
21129,Lee County
28081,Lee County
37105,Lee County
45061,Lee County
48287,Lee County
51105,Lee County
42075,Lebanon County
20103,Leavenworth County
28079,Leake County
35025,Lea County
27079,Le Sueur County
40079,Le Flore County
1079,Lawrence County
5075,Lawrence County
17101,Lawrence County
18093,Lawrence County
21127,Lawrence County
28077,Lawrence County
29109,Lawrence County
39087,Lawrence County
42073,Lawrence County
46081,Lawrence County
47099,Lawrence County
48285,Lavaca County
13175,Laurens County
45059,Laurens County
21125,Laurel County
1077,Lauderdale County
28075,Lauderdale County
47097,Lauderdale County
40077,Latimer County
16057,Latah County
6035,Lassen County
8071,Las Animas County
21123,Larue County
8069,Larimer County
56021,Laramie County
26087,Lapeer County
13173,Lanier County
55067,Langlade County
20101,Lane County
41039,Lane County
32015,Lander County
31109,Lancaster County
42071,Lancaster County
45057,Lancaster County
51103,Lancaster County
48281,Lampasas County
38045,LaMoure County
50015,Lamoille County
48279,Lamb County
1075,Lamar County
13171,Lamar County
28073,Lamar County
48277,Lamar County
27077,Lake of the Woods County
6033,Lake County
8065,Lake County
12069,Lake County
17097,Lake County
18089,Lake County
26085,Lake County
27075,Lake County
30047,Lake County
39085,Lake County
41037,Lake County
46079,Lake County
47095,Lake County
2164,Lake and Peninsula Borough
18087,Lagrange County
22057,Lafourche Parish
22055,Lafayette Parish
5073,Lafayette County
12067,Lafayette County
28071,Lafayette County
29107,Lafayette County
55065,Lafayette County
29105,Laclede County
42069,Lackawanna County
27073,Lac qui Parle County
20099,Labette County
22059,La Salle Parish
17099,La Salle County
48283,La Salle County
18091,La Porte County
8067,La Plata County
4012,La Paz County
55063,La Crosse County
19109,Kossuth County
18085,Kosciusko County
16055,Kootenai County
27071,Koochiching County
2150,Kodiak Island Borough
17095,Knox County
18083,Knox County
21121,Knox County
23013,Knox County
29103,Knox County
31107,Knox County
39083,Knox County
47093,Knox County
48275,Knox County
21119,Knott County
53039,Klickitat County
48273,Kleberg County
41035,Klamath County
27069,Kittson County
53037,Kittitas County
53035,Kitsap County
8063,Kit Carson County
8061,Kiowa County
20097,Kiowa County
40075,Kiowa County
48271,Kinney County
46077,Kingsbury County
6031,Kings County
36047,Kings County
20095,Kingman County
40073,Kingfisher County
51101,King William County
51099,King George County
48269,King County
53033,King County
51097,King and Queen County
48267,Kimble County
31105,Kimball County
38043,Kidder County
31103,Keya Paha County
26083,Keweenaw County
55061,Kewaunee County
2130,Ketchikan Gateway Borough
45055,Kershaw County
48265,Kerr County
6029,Kern County
19107,Keokuk County
21000,Kentucky
21117,Kenton County
10001,Kent County
24029,Kent County
26081,Kent County
44003,Kent County
48263,Kent County
55059,Kenosha County
23011,Kennebec County
48261,Kenedy County
17093,Kendall County
48259,Kendall County
2122,Kenai Peninsula Borough
28069,Kemper County
31101,Keith County
20093,Kearny County
31099,Kearney County
40071,Kay County
48257,Kaufman County
15007,Kauai County
48255,Karnes County
20000,Kansas
17091,Kankakee County
17089,Kane County
49025,Kane County
27067,Kandiyohi County
54039,Kanawha County
27065,Kanabec County
26079,Kalkaska County
15005,Kalawao County
26077,Kalamazoo County
42067,Juniata County
55057,Juneau County
2110,Juneau Borough
30045,Judith Basin County
49023,Juab County
41033,Josephine County
13169,Jones County
19105,Jones County
28067,Jones County
37103,Jones County
46075,Jones County
48253,Jones County
37101,Johnston County
40069,Johnston County
5071,Johnson County
13167,Johnson County
17087,Johnson County
18081,Johnson County
19103,Johnson County
20091,Johnson County
21115,Johnson County
29101,Johnson County
31097,Johnson County
47091,Johnson County
48251,Johnson County
56019,Johnson County
17085,Jo Daviess County
48249,Jim Wells County
48247,Jim Hogg County
20089,Jewell County
21113,Jessamine County
17083,Jersey County
16053,Jerome County
46073,Jerauld County
18079,Jennings County
13165,Jenkins County
22051,Jefferson Parish
22053,Jefferson Davis Parish
28065,Jefferson Davis County
1073,Jefferson County
5069,Jefferson County
8059,Jefferson County
12065,Jefferson County
13163,Jefferson County
16051,Jefferson County
17081,Jefferson County
18077,Jefferson County
19101,Jefferson County
20087,Jefferson County
21111,Jefferson County
28063,Jefferson County
29099,Jefferson County
30043,Jefferson County
31095,Jefferson County
36045,Jefferson County
39081,Jefferson County
40067,Jefferson County
41031,Jefferson County
42065,Jefferson County
47089,Jefferson County
48245,Jefferson County
53031,Jefferson County
54037,Jefferson County
55055,Jefferson County
13161,Jeff Davis County
48243,Jeff Davis County
18075,Jay County
13159,Jasper County
17079,Jasper County
18073,Jasper County
19099,Jasper County
28061,Jasper County
29097,Jasper County
45053,Jasper County
48241,Jasper County
51095,James City County
22049,Jackson Parish
1071,Jackson County
5067,Jackson County
8057,Jackson County
12063,Jackson County
13157,Jackson County
17077,Jackson County
18071,Jackson County
19097,Jackson County
20085,Jackson County
21109,Jackson County
26075,Jackson County
27063,Jackson County
28059,Jackson County
29095,Jackson County
37099,Jackson County
39079,Jackson County
40065,Jackson County
41029,Jackson County
46071,Jackson County
47087,Jackson County
48239,Jackson County
54035,Jackson County
55053,Jackson County
48237,Jack County
5065,Izard County
28057,Itawamba County
27061,Itasca County
28055,Issaquena County
51093,Isle of Wight County
53029,Island County
27059,Isanti County
26073,Isabella County
13155,Irwin County
17075,Iroquois County
26071,Iron County
29093,Iron County
49021,Iron County
55051,Iron County
48235,Irion County
37097,Iredell County
19095,Iowa County
55049,Iowa County
19000,Iowa
26069,Iosco County
26067,Ionia County
6027,Inyo County
26065,Ingham County
42063,Indiana County
18000,Indiana
12061,Indian River County
5063,Independence County
6025,Imperial County
17000,Illinois
16049,Idaho County
16000,Idaho
19093,Ida County
22047,Iberville Parish
22045,Iberia Parish
37095,Hyde County
46069,Hyde County
46067,Hutchinson County
48233,Hutchinson County
26063,Huron County
39077,Huron County
18069,Huntington County
42061,Huntingdon County
34019,Hunterdon County
48231,Hunt County
28053,Humphreys County
47085,Humphreys County
6023,Humboldt County
19091,Humboldt County
32013,Humboldt County
40063,Hughes County
46065,Hughes County
8055,Huerfano County
48229,Hudspeth County
34017,Hudson County
27057,Hubbard County
29091,Howell County
5061,Howard County
18067,Howard County
19089,Howard County
24027,Howard County
29089,Howard County
31093,Howard County
48227,Howard County
1069,Houston County
13153,Houston County
27055,Houston County
47083,Houston County
48225,Houston County
26061,Houghton County
56017,Hot Springs County
5059,Hot Spring County
45051,Horry County
21107,Hopkins County
48223,Hopkins County
51670,Hopewell city
31091,Hooker County
41027,Hood River County
48221,Hood County
15003,Honolulu County
29087,Holt County
31089,Holt County
12059,Holmes County
28051,Holmes County
39075,Holmes County
37093,Hoke County
20083,Hodgeman County
48219,Hockley County
39073,Hocking County
31087,Hitchcock County
8053,Hinsdale County
28049,Hinds County
26059,Hillsdale County
12057,Hillsborough County
33011,Hillsborough County
30041,Hill County
48217,Hill County
12055,Highlands County
39071,Highland County
51091,Highland County
35023,Hidalgo County
48215,Hidalgo County
29085,Hickory County
21105,Hickman County
47081,Hickman County
38041,Hettinger County
37091,Hertford County
12053,Hernando County
36043,Herkimer County
1067,Henry County
13151,Henry County
17073,Henry County
18065,Henry County
19087,Henry County
21103,Henry County
29083,Henry County
39069,Henry County
47079,Henry County
51089,Henry County
51087,Henrico County
27053,Hennepin County
12051,Hendry County
18063,Hendricks County
17071,Henderson County
21101,Henderson County
37089,Henderson County
47077,Henderson County
48213,Henderson County
5057,Hempstead County
48211,Hemphill County
13149,Heard County
37087,Haywood County
47075,Haywood County
48209,Hays County
31085,Hayes County
47073,Hawkins County
15001,Hawaii County
15000,Hawaii
20081,Haskell County
40061,Haskell County
48207,Haskell County
20079,Harvey County
48205,Hartley County
9003,Hartford County
13147,Hart County
21099,Hart County
51660,Harrisonburg city
18061,Harrison County
19085,Harrison County
21097,Harrison County
28047,Harrison County
29081,Harrison County
39067,Harrison County
48203,Harrison County
54033,Harrison County
13145,Harris County
48201,Harris County
20077,Harper County
40059,Harper County
41025,Harney County
37085,Harnett County
40057,Harmon County
21095,Harlan County
31083,Harlan County
24025,Harford County
54031,Hardy County
35021,Harding County
46063,Harding County
17069,Hardin County
19083,Hardin County
21093,Hardin County
39065,Hardin County
47071,Hardin County
48199,Hardin County
47069,Hardeman County
48197,Hardeman County
12049,Hardee County
13143,Haralson County
46061,Hanson County
48195,Hansford County
51085,Hanover County
46059,Hand County
13141,Hancock County
17067,Hancock County
18059,Hancock County
19081,Hancock County
21091,Hancock County
23009,Hancock County
28045,Hancock County
39063,Hancock County
47067,Hancock County
54029,Hancock County
45049,Hampton County
51650,Hampton city
25015,Hampshire County
54027,Hampshire County
25013,Hampden County
46057,Hamlin County
12047,Hamilton County
17065,Hamilton County
18057,Hamilton County
19079,Hamilton County
20075,Hamilton County
31081,Hamilton County
36041,Hamilton County
39061,Hamilton County
47065,Hamilton County
48193,Hamilton County
47063,Hamblen County
13139,Hall County
31079,Hall County
48191,Hall County
37083,Halifax County
51083,Halifax County
1065,Hale County
48189,Hale County
2100,Haines Borough
13137,Habersham County
46055,Haakon County
13135,Gwinnett County
19077,Guthrie County
8051,Gunnison County
12045,Gulf County
37081,Guilford County
39059,Guernsey County
35019,Guadalupe County
48187,Guadalupe County
17063,Grundy County
19075,Grundy County
29079,Grundy County
47061,Grundy County
48185,Grimes County
38039,Griggs County
28043,Grenada County
46053,Gregory County
48183,Gregg County
40055,Greer County
20073,Greenwood County
45047,Greenwood County
45045,Greenville County
21089,Greenup County
51081,Greensville County
4011,Greenlee County
1063,Greene County
5055,Greene County
13133,Greene County
17061,Greene County
18055,Greene County
19073,Greene County
28041,Greene County
29077,Greene County
36039,Greene County
37079,Greene County
39057,Greene County
42059,Greene County
47059,Greene County
51079,Greene County
54025,Greenbrier County
55047,Green Lake County
21087,Green County
55045,Green County
20071,Greeley County
31077,Greeley County
21085,Grayson County
48181,Grayson County
51077,Grayson County
53027,Grays Harbor County
20069,Gray County
48179,Gray County
21083,Graves County
26057,Gratiot County
37077,Granville County
22043,Grant Parish
5053,Grant County
18053,Grant County
20067,Grant County
21081,Grant County
27051,Grant County
31075,Grant County
35017,Grant County
38037,Grant County
40053,Grant County
41023,Grant County
46051,Grant County
53025,Grant County
54023,Grant County
55043,Grant County
30039,Granite County
26055,Grand Traverse County
50013,Grand Isle County
38035,Grand Forks County
8049,Grand County
49019,Grand County
47057,Grainger County
4009,Graham County
20065,Graham County
37075,Graham County
33009,Grafton County
13131,Grady County
40051,Grady County
20063,Gove County
31073,Gosper County
56015,Goshen County
13129,Gordon County
16047,Gooding County
27049,Goodhue County
51075,Goochland County
48177,Gonzales County
48175,Goliad County
30037,Golden Valley County
38033,Golden Valley County
26053,Gogebic County
13127,Glynn County
34015,Gloucester County
51073,Gloucester County
6021,Glenn County
48173,Glasscock County
13125,Glascock County
26051,Gladwin County
12043,Glades County
30035,Glacier County
8047,Gilpin County
13123,Gilmer County
54021,Gilmer County
41021,Gilliam County
48171,Gillespie County
47055,Giles County
51071,Giles County
12041,Gilchrist County
4007,Gila County
18051,Gibson County
47053,Gibson County
13000,Georgia
45043,Georgetown County
28039,George County
29075,Gentry County
1061,Geneva County
26049,Genesee County
36037,Genesee County
16045,Gem County
39055,Geauga County
20061,Geary County
37073,Gates County
37071,Gaston County
29073,Gasconade County
48169,Garza County
40049,Garvin County
24023,Garrett County
21079,Garrard County
5051,Garland County
8045,Garfield County
30033,Garfield County
31071,Garfield County
40047,Garfield County
49017,Garfield County
53023,Garfield County
31069,Garden County
48167,Galveston County
39053,Gallia County
17059,Gallatin County
21077,Gallatin County
30031,Gallatin County
51640,Galax city
48165,Gaines County
31067,Gage County
12039,Gadsden County
31065,Furnas County
5049,Fulton County
13121,Fulton County
17057,Fulton County
18049,Fulton County
21075,Fulton County
36035,Fulton County
39051,Fulton County
42057,Fulton County
31063,Frontier County
48163,Frio County
6019,Fresno County
8043,Fremont County
16043,Fremont County
19071,Fremont County
56013,Fremont County
48161,Freestone County
27047,Freeborn County
51630,Fredericksburg city
24021,Frederick County
51069,Frederick County
22041,Franklin Parish
1059,Franklin County
5047,Franklin County
12037,Franklin County
13119,Franklin County
16041,Franklin County
17055,Franklin County
18047,Franklin County
19069,Franklin County
20059,Franklin County
21073,Franklin County
23007,Franklin County
25011,Franklin County
28037,Franklin County
29071,Franklin County
31061,Franklin County
36033,Franklin County
37069,Franklin County
39049,Franklin County
42055,Franklin County
47051,Franklin County
48159,Franklin County
50011,Franklin County
51067,Franklin County
53021,Franklin County
51620,Franklin city
18045,Fountain County
38031,Foster County
48157,Fort Bend County
13117,Forsyth County
37067,Forsyth County
28035,Forrest County
42053,Forest County
55041,Forest County
17053,Ford County
20057,Ford County
55039,Fond du Lac County
48155,Foard County
51065,Fluvanna County
13115,Floyd County
18043,Floyd County
19067,Floyd County
21071,Floyd County
48153,Floyd County
51063,Floyd County
12000,Florida
45041,Florence County
55037,Florence County
21069,Fleming County
30029,Flathead County
12035,Flagler County
48151,Fisher County
20055,Finney County
27045,Fillmore County
31059,Fillmore County
53019,Ferry County
30027,Fergus County
47049,Fentress County
1057,Fayette County
13113,Fayette County
17051,Fayette County
18041,Fayette County
19065,Fayette County
21067,Fayette County
39047,Fayette County
42051,Fayette County
47047,Fayette County
48149,Fayette County
54019,Fayette County
51061,Fauquier County
5045,Faulkner County
46049,Faulk County
27043,Faribault County
13111,Fannin County
48147,Fannin County
48145,Falls County
51610,Falls Church city
30025,Fallon County
46047,Fall River County
9001,Fairfield County
39045,Fairfield County
45039,Fairfield County
51059,Fairfax County
51600,Fairfax city
2090,Fairbanks North Star Borough
13109,Evans County
22039,Evangeline Parish
32011,Eureka County
1055,Etowah County
21065,Estill County
25009,Essex County
34013,Essex County
36031,Essex County
50009,Essex County
51057,Essex County
32009,Esmeralda County
1053,Escambia County
12033,Escambia County
36029,Erie County
39043,Erie County
42049,Erie County
48143,Erath County
51595,Emporia city
38029,Emmons County
19063,Emmet County
26047,Emmet County
49015,Emery County
13107,Emanuel County
1051,Elmore County
16039,Elmore County
20053,Ellsworth County
20051,Ellis County
40045,Ellis County
48139,Ellis County
21063,Elliott County
32007,Elko County
18039,Elkhart County
20049,Elk County
42047,Elk County
8039,Elbert County
13105,Elbert County
8041,El Paso County
48141,El Paso County
6017,El Dorado County
13103,Effingham County
17049,Effingham County
17047,Edwards County
20047,Edwards County
48137,Edwards County
46045,Edmunds County
21061,Edmonson County
45037,Edgefield County
37065,Edgecombe County
17045,Edgar County
35015,Eddy County
38027,Eddy County
48135,Ector County
13101,Echols County
55035,Eau Claire County
26045,Eaton County
48133,Eastland County
22037,East Feliciana Parish
22035,East Carroll Parish
22033,East Baton Rouge Parish
13099,Early County
8037,Eagle County
47045,Dyer County
12031,Duval County
48131,Duval County
36027,Dutchess County
37063,Durham County
37061,Duplin County
17043,DuPage County
38025,Dunn County
55033,Dunn County
29069,Dunklin County
31057,Dundy County
25007,Dukes County
49013,Duchesne County
19061,Dubuque County
18037,Dubois County
5043,Drew County
8035,Douglas County
13097,Douglas County
17041,Douglas County
20045,Douglas County
27041,Douglas County
29067,Douglas County
31055,Douglas County
32005,Douglas County
41019,Douglas County
46043,Douglas County
53017,Douglas County
55031,Douglas County
13095,Dougherty County
24019,Dorchester County
45035,Dorchester County
55029,Door County
13093,Dooly County
48129,Donley County
20043,Doniphan County
35013,Dona Ana County
8033,Dolores County
13091,Dodge County
27039,Dodge County
31053,Dodge County
55027,Dodge County
54017,Doddridge County
31051,Dixon County
12029,Dixie County
38023,Divide County
11000,District of Columbia
11001,District of Columbia
51053,Dinwiddie County
48127,Dimmit County
45033,Dillon County
2070,Dillingham Census Area
47043,Dickson County
19059,Dickinson County
20041,Dickinson County
26043,Dickinson County
38021,Dickey County
51051,Dickenson County
48125,Dickens County
48123,DeWitt County
40043,Dewey County
46041,Dewey County
31049,Deuel County
46039,Deuel County
12027,DeSoto County
28033,DeSoto County
5041,Desha County
41017,Deschutes County
19057,Des Moines County
8031,Denver County
48121,Denton County
29065,Dent County
2068,Denali Borough
8029,Delta County
26041,Delta County
48119,Delta County
18035,Delaware County
19055,Delaware County
36025,Delaware County
39041,Delaware County
40041,Delaware County
42045,Delaware County
10000,Delaware
6015,Del Norte County
1049,DeKalb County
13089,DeKalb County
17037,DeKalb County
29063,DeKalb County
47041,DeKalb County
39039,Defiance County
30023,Deer Lodge County
13087,Decatur County
18031,Decatur County
19053,Decatur County
20039,Decatur County
47039,Decatur County
35011,DeBaca County
18029,Dearborn County
48117,Deaf Smith County
17039,De Witt County
22031,De Soto Parish
18033,De Kalb County
46037,Day County
13085,Dawson County
30021,Dawson County
31047,Dawson County
48115,Dawson County
31045,Dawes County
46035,Davison County
19051,Davis County
49011,Davis County
18027,Daviess County
21059,Daviess County
29061,Daviess County
37059,Davie County
37057,Davidson County
47037,Davidson County
42043,Dauphin County
45031,Darlington County
39037,Darke County
37055,Dare County
51590,Danville city
30019,Daniels County
55025,Dane County
1047,Dallas County
5039,Dallas County
19049,Dallas County
29059,Dallas County
48113,Dallas County
48111,Dallam County
1045,Dale County
27037,Dakota County
31043,Dakota County
49009,Daggett County
12025,Dade County
13083,Dade County
29057,Dade County
39035,Cuyahoga County
8027,Custer County
16037,Custer County
30017,Custer County
31041,Custer County
40039,Custer County
46033,Custer County
35009,Curry County
41015,Curry County
37053,Currituck County
31039,Cuming County
17035,Cumberland County
21057,Cumberland County
23005,Cumberland County
34011,Cumberland County
37051,Cumberland County
42041,Cumberland County
47035,Cumberland County
51049,Cumberland County
51047,Culpeper County
1043,Cullman County
48109,Culberson County
8025,Crowley County
27035,Crow Wing County
5037,Cross County
48107,Crosby County
41013,Crook County
56011,Crook County
47033,Crockett County
48105,Crockett County
5035,Crittenden County
21055,Crittenden County
13081,Crisp County
1041,Crenshaw County
40037,Creek County
5033,Crawford County
13079,Crawford County
17033,Crawford County
18025,Crawford County
19047,Crawford County
20037,Crawford County
26039,Crawford County
29055,Crawford County
39033,Crawford County
42039,Crawford County
55023,Crawford County
37049,Craven County
48103,Crane County
5031,Craighead County
40035,Craig County
51045,Craig County
53015,Cowlitz County
20035,Cowley County
13077,Coweta County
1039,Covington County
28031,Covington County
51580,Covington city
27033,Cottonwood County
40033,Cotton County
48101,Cottle County
8023,Costilla County
39031,Coshocton County
48099,Coryell County
36023,Cortland County
46031,Corson County
28029,Copiah County
1037,Coosa County
33007,Coos County
41011,Coos County
29053,Cooper County
48097,Cooke County
13075,Cook County
17031,Cook County
27031,Cook County
5029,Conway County
56009,Converse County
6013,Contra Costa County
9000,Connecticut
8021,Conejos County
1035,Conecuh County
22029,Concordia Parish
48095,Concho County
20033,Comanche County
40031,Comanche County
48093,Comanche County
48091,Comal County
6011,Colusa County
37047,Columbus County
39029,Columbiana County
5027,Columbia County
12023,Columbia County
13073,Columbia County
36021,Columbia County
41009,Columbia County
42037,Columbia County
53013,Columbia County
55021,Columbia County
13071,Colquitt County
48089,Colorado County
8000,Colorado
51570,Colonial Heights city
48087,Collingsworth County
48085,Collin County
12021,Collier County
45029,Colleton County
31037,Colfax County
35007,Colfax County
17029,Coles County
48083,Coleman County
29051,Cole County
1033,Colbert County
48081,Coke County
20031,Coffey County
1031,Coffee County
13069,Coffee County
47031,Coffee County
46029,Codington County
4005,Coconino County
47029,Cocke County
48079,Cochran County
4003,Cochise County
13067,Cobb County
40029,Coal County
28027,Coahoma County
20029,Cloud County
17027,Clinton County
18023,Clinton County
19045,Clinton County
21053,Clinton County
26037,Clinton County
29049,Clinton County
36019,Clinton County
39027,Clinton County
42035,Clinton County
13065,Clinch County
51560,Clifton Forge city
5025,Cleveland County
37045,Cleveland County
40027,Cleveland County
39025,Clermont County
1029,Cleburne County
5023,Cleburne County
16035,Clearwater County
27029,Clearwater County
42033,Clearfield County
8019,Clear Creek County
13063,Clayton County
19043,Clayton County
1027,Clay County
5021,Clay County
12019,Clay County
13061,Clay County
17025,Clay County
18021,Clay County
19041,Clay County
20027,Clay County
21051,Clay County
27027,Clay County
28025,Clay County
29047,Clay County
31035,Clay County
37043,Clay County
46027,Clay County
47027,Clay County
48077,Clay County
54015,Clay County
41007,Clatsop County
1025,Clarke County
13059,Clarke County
19039,Clarke County
28023,Clarke County
51043,Clarke County
5019,Clark County
16033,Clark County
17023,Clark County
18019,Clark County
20025,Clark County
21049,Clark County
29045,Clark County
32003,Clark County
39023,Clark County
46025,Clark County
53011,Clark County
55019,Clark County
42031,Clarion County
45027,Clarendon County
26035,Clare County
53009,Clallam County
22027,Claiborne Parish
28021,Claiborne County
47025,Claiborne County
41005,Clackamas County
12017,Citrus County
40025,Cimarron County
35006,Cibola County
32001,Churchill County
17021,Christian County
21047,Christian County
29043,Christian County
37041,Chowan County
30015,Chouteau County
1023,Choctaw County
28019,Choctaw County
40023,Choctaw County
50007,Chittenden County
27025,Chisago County
26033,Chippewa County
27023,Chippewa County
55017,Chippewa County
1021,Chilton County
48075,Childress County
5017,Chicot County
19037,Chickasaw County
28017,Chickasaw County
8017,Cheyenne County
20023,Cheyenne County
31033,Cheyenne County
45025,Chesterfield County
51041,Chesterfield County
42029,Chester County
45023,Chester County
47023,Chester County
33005,Cheshire County
51550,Chesapeake city
31031,Cherry County
1019,Cherokee County
13057,Cherokee County
19035,Cherokee County
20021,Cherokee County
37039,Cherokee County
40021,Cherokee County
45021,Cherokee County
48073,Cherokee County
36017,Chenango County
36015,Chemung County
53007,Chelan County
26031,Cheboygan County
47021,Cheatham County
35005,Chaves County
20019,Chautauqua County
36013,Chautauqua County
13055,Chattooga County
13053,Chattahoochee County
13051,Chatham County
37037,Chatham County
20017,Chase County
31029,Chase County
13049,Charlton County
51540,Charlottesville city
12015,Charlotte County
51037,Charlotte County
26029,Charlevoix County
45019,Charleston County
46023,Charles Mix County
24017,Charles County
51036,Charles City County
29041,Chariton County
17019,Champaign County
39021,Champaign County
1017,Chambers County
48071,Chambers County
8015,Chaffee County
19033,Cerro Gordo County
42027,Centre County
19031,Cedar County
29039,Cedar County
31027,Cedar County
24015,Cecil County
36011,Cayuga County
38019,Cavalier County
36009,Cattaraugus County
35003,Catron County
13047,Catoosa County
37035,Catawba County
22025,Catahoula Parish
37033,Caswell County
48069,Castro County
16031,Cassia County
17017,Cass County
18017,Cass County
19029,Cass County
26027,Cass County
27021,Cass County
29037,Cass County
31025,Cass County
38017,Cass County
48067,Cass County
21045,Casey County
30013,Cascade County
27019,Carver County
37031,Carteret County
21043,Carter County
29035,Carter County
30011,Carter County
40019,Carter County
47019,Carter County
48065,Carson County
32510,Carson City
5015,Carroll County
13045,Carroll County
17015,Carroll County
18015,Carroll County
19027,Carroll County
21041,Carroll County
24013,Carroll County
28015,Carroll County
29033,Carroll County
33003,Carroll County
39019,Carroll County
47017,Carroll County
51035,Carroll County
24011,Caroline County
51033,Caroline County
27017,Carlton County
21039,Carlisle County
16029,Caribou County
30009,Carbon County
42025,Carbon County
49007,Carbon County
56007,Carbon County
34009,Cape May County
29031,Cape Girardeau County
16027,Canyon County
47015,Cannon County
13043,Candler County
40017,Canadian County
21037,Campbell County
46021,Campbell County
47013,Campbell County
51031,Campbell County
56005,Campbell County
48063,Camp County
22023,Cameron Parish
42023,Cameron County
48061,Cameron County
13039,Camden County
29029,Camden County
34007,Camden County
37029,Camden County
42021,Cambria County
16025,Camas County
24009,Calvert County
55015,Calumet County
21035,Calloway County
29027,Callaway County
48059,Callahan County
6000,California
1015,Calhoun County
5013,Calhoun County
12013,Calhoun County
13037,Calhoun County
17013,Calhoun County
19025,Calhoun County
26025,Calhoun County
28013,Calhoun County
45017,Calhoun County
48057,Calhoun County
54013,Calhoun County
50005,Caledonia County
22021,Caldwell Parish
21033,Caldwell County
29025,Caldwell County
37027,Caldwell County
48055,Caldwell County
22019,Calcasieu Parish
6009,Calaveras County
22017,Caddo Parish
40015,Caddo County
49005,Cache County
54011,Cabell County
37025,Cabarrus County
13035,Butts County
6007,Butte County
16023,Butte County
46019,Butte County
1013,Butler County
19023,Butler County
20015,Butler County
21031,Butler County
29023,Butler County
31023,Butler County
39017,Butler County
42019,Butler County
31021,Burt County
55013,Burnett County
48053,Burnet County
34005,Burlington County
48051,Burleson County
38015,Burleigh County
13033,Burke County
37023,Burke County
38013,Burke County
17011,Bureau County
37021,Buncombe County
1011,Bullock County
13031,Bulloch County
21029,Bullitt County
31019,Buffalo County
46017,Buffalo County
55011,Buffalo County
19021,Buena Vista County
51530,Buena Vista city
42017,Bucks County
51029,Buckingham County
19019,Buchanan County
29021,Buchanan County
51027,Buchanan County
13029,Bryan County
40013,Bryan County
37019,Brunswick County
51025,Brunswick County
46015,Brule County
17009,Brown County
18013,Brown County
20013,Brown County
27015,Brown County
31017,Brown County
39015,Brown County
46013,Brown County
48049,Brown County
55009,Brown County
12011,Broward County
36007,Broome County
13027,Brooks County
48047,Brooks County
46011,Brookings County
54009,Brooke County
36005,Bronx County
30007,Broadwater County
25005,Bristol County
44001,Bristol County
51520,Bristol city
2060,Bristol Bay Borough
48045,Briscoe County
48043,Brewster County
12009,Brevard County
19017,Bremer County
21027,Breckinridge County
21025,Breathitt County
48041,Brazos County
48039,Brazoria County
54007,Braxton County
13025,Brantley County
26023,Branch County
5011,Bradley County
47011,Bradley County
12007,Bradford County
42015,Bradford County
21023,Bracken County
21021,Boyle County
21019,Boyd County
31015,Boyd County
49003,Box Elder County
31013,Box Butte County
38011,Bowman County
48037,Bowie County
20011,Bourbon County
21017,Bourbon County
16021,Boundary County
8013,Boulder County
38009,Bottineau County
51023,Botetourt County
22015,Bossier Parish
48035,Bosque County
48033,Borden County
5009,Boone County
17007,Boone County
18011,Boone County
19015,Boone County
21015,Boone County
29019,Boone County
31011,Boone County
54005,Boone County
16019,Bonneville County
16017,Bonner County
17005,Bond County
46009,Bon Homme County
29017,Bollinger County
28011,Bolivar County
16015,Boise County
27013,Blue Earth County
1009,Blount County
47009,Blount County
47007,Bledsoe County
13023,Bleckley County
51021,Bland County
48031,Blanco County
42013,Blair County
16013,Blaine County
30005,Blaine County
31009,Blaine County
40011,Blaine County
37017,Bladen County
18009,Blackford County
19013,Black Hawk County
16011,Bingham County
38007,Billings County
27011,Big Stone County
30003,Big Horn County
56003,Big Horn County
22013,Bienville Parish
1007,Bibb County
13021,Bibb County
48029,Bexar County
2050,Bethel Census Area
37015,Bertie County
13019,Berrien County
26021,Berrien County
35001,Bernalillo County
25003,Berkshire County
42011,Berks County
45015,Berkeley County
54003,Berkeley County
34003,Bergen County
26019,Benzie County
5007,Benton County
18007,Benton County
19011,Benton County
27009,Benton County
28009,Benton County
29015,Benton County
41003,Benton County
47005,Benton County
53005,Benton County
8011,Bent County
38005,Benson County
50003,Bennington County
46007,Bennett County
16009,Benewah County
13017,Ben Hill County
27007,Beltrami County
39013,Belmont County
21013,Bell County
48027,Bell County
33001,Belknap County
48025,Bee County
42009,Bedford County
47003,Bedford County
51019,Bedford County
51515,Bedford city
40009,Beckham County
27005,Becker County
30001,Beaverhead County
40007,Beaver County
42007,Beaver County
49001,Beaver County
22011,Beauregard Parish
37013,Beaufort County
45013,Beaufort County
16007,Bear Lake County
46005,Beadle County
48023,Baylor County
55007,Bayfield County
12005,Bay County
26017,Bay County
5005,Baxter County
21011,Bath County
51017,Bath County
29013,Bates County
48021,Bastrop County
13015,Bartow County
20009,Barton County
29011,Barton County
18005,Bartholomew County
26015,Barry County
29009,Barry County
13013,Barrow County
55005,Barron County
21009,Barren County
45011,Barnwell County
25001,Barnstable County
38003,Barnes County
1005,Barbour County
54001,Barbour County
20007,Barber County
26013,Baraga County
16005,Bannock County
31007,Banner County
13011,Banks County
48019,Bandera County
45009,Bamberg County
24005,Baltimore County
24510,Baltimore city
21007,Ballard County
1003,Baldwin County
13009,Baldwin County
12003,Baker County
13007,Baker County
41001,Baker County
48017,Bailey County
13005,Bacon County
8009,Baca County
22009,Avoyelles Parish
37011,Avery County
1001,Autauga County
48015,Austin County
46003,Aurora County
51015,Augusta County
39011,Auglaize County
19009,Audubon County
29007,Audrain County
28007,Attala County
40005,Atoka County
34001,Atlantic County
13003,Atkinson County
39009,Athens County
20005,Atchison County
29005,Atchison County
48013,Atascosa County
22007,Assumption Parish
53003,Asotin County
39007,Ashtabula County
5003,Ashley County
39005,Ashland County
55003,Ashland County
37009,Ashe County
22005,Ascension Parish
31005,Arthur County
23003,Aroostook County
42005,Armstrong County
48011,Armstrong County
51013,Arlington County
5001,Arkansas County
5000,Arkansas
4000,Arizona
26011,Arenac County
8007,Archuleta County
48009,Archer County
8005,Arapahoe County
48007,Aransas County
51011,Appomattox County
13001,Appling County
19007,Appanoose County
4001,Apache County
26009,Antrim County
31003,Antelope County
37007,Anson County
27003,Anoka County
24003,Anne Arundel County
48005,Angelina County
23001,Androscoggin County
48003,Andrews County
29003,Andrew County
20003,Anderson County
21005,Anderson County
45007,Anderson County
47001,Anderson County
48001,Anderson County
2020,Anchorage Borough
28005,Amite County
51009,Amherst County
51007,Amelia County
6005,Amador County
6003,Alpine County
26007,Alpena County
45005,Allendale County
22003,Allen Parish
18003,Allen County
20001,Allen County
21003,Allen County
39003,Allen County
42003,Allegheny County
37005,Alleghany County
51005,Alleghany County
24001,Allegany County
36003,Allegany County
26005,Allegan County
19005,Allamakee County
26003,Alger County
40003,Alfalfa County
51510,Alexandria city
17003,Alexander County
37003,Alexander County
2016,Aleutians West Census Area
2013,Aleutians East Borough
28003,Alcorn County
26001,Alcona County
51003,Albemarle County
36001,Albany County
56001,Albany County
2000,Alaska
8003,Alamosa County
6001,Alameda County
37001,Alamance County
12001,Alachua County
1000,Alabama
27001,Aitkin County
45003,Aiken County
50001,Addison County
8001,Adams County
16003,Adams County
17001,Adams County
18001,Adams County
19003,Adams County
28001,Adams County
31001,Adams County
38001,Adams County
39001,Adams County
42001,Adams County
53001,Adams County
55001,Adams County
19001,Adair County
21001,Adair County
29001,Adair County
40001,Adair County
16001,Ada County
51001,Accomack County
22001,Acadia Parish
45001,Abbeville County